person_id,model,scaffold,seed,raw_score,theta_d1_mean,theta_d1_sd,theta_d2_mean,theta_d2_sd,theta_d3_mean,theta_d3_sd,theta_d4_mean,theta_d4_sd
claude-haiku-4-5|baseline|run1,claude-haiku-4-5,baseline,run1,0.7142857142857143,0.07378310710191727,0.4635234773159027,0.5244823694229126,0.4575498700141907,0.11072388291358948,0.3849945366382599,0.3207045793533325,0.20865362882614136
claude-haiku-4-5|baseline|run2,claude-haiku-4-5,baseline,run2,0.6857142857142857,0.7434948682785034,0.5357698202133179,0.9170420169830322,0.5262134075164795,-0.014449863694608212,0.42237499356269836,-0.08873971551656723,0.23341473937034607
claude-haiku-4-5|baseline|run3,claude-haiku-4-5,baseline,run3,0.7428571428571429,1.479986310005188,0.5491513013839722,0.4003424346446991,0.4963648319244385,-0.14095886051654816,0.4319840967655182,0.06461431831121445,0.22869040071964264
claude-haiku-4-5|baseline|run4,claude-haiku-4-5,baseline,run4,0.6285714285714286,-0.35283607244491577,0.44896942377090454,0.6749262809753418,0.4441176652908325,-0.390524297952652,0.36504143476486206,0.7518232464790344,0.2315319925546646
claude-haiku-4-5|baseline|run5,claude-haiku-4-5,baseline,run5,0.6857142857142857,0.3790888786315918,0.5040907859802246,1.0341154336929321,0.5014275908470154,-0.3788391947746277,0.4223887622356415,0.5271369218826294,0.22707924246788025
claude-haiku-4-5|careful|run1,claude-haiku-4-5,careful,run1,0.7142857142857143,1.0286293029785156,0.5262501239776611,-0.31021204590797424,0.4731867015361786,-0.42814862728118896,0.41005682945251465,0.5550105571746826,0.24605537950992584
claude-haiku-4-5|careful|run2,claude-haiku-4-5,careful,run2,0.6571428571428571,0.5872132182121277,0.500214695930481,0.8512900471687317,0.4973980188369751,0.07450894266366959,0.4125520884990692,0.45451441407203674,0.22115880250930786
claude-haiku-4-5|careful|run3,claude-haiku-4-5,careful,run3,0.6857142857142857,-0.4631340205669403,0.4359583854675293,0.36578819155693054,0.4393446743488312,-0.0241338349878788,0.35609400272369385,0.3045384883880615,0.20372074842453003
claude-haiku-4-5|careful|run4,claude-haiku-4-5,careful,run4,0.7428571428571429,0.9614853262901306,0.5233001708984375,-0.20166930556297302,0.4728666841983795,-0.25531673431396484,0.3997842073440552,0.24085605144500732,0.22360040247440338
claude-haiku-4-5|careful|run5,claude-haiku-4-5,careful,run5,0.6857142857142857,1.0640795230865479,0.5412874817848206,0.2183723896741867,0.4709104299545288,-0.22404919564723969,0.4231734573841095,0.4453572630882263,0.23154166340827942
claude-haiku-4-5|careless|run1,claude-haiku-4-5,careless,run1,0.5428571428571428,0.7678240537643433,0.5200231075286865,1.1781493425369263,0.5173342227935791,-0.4486198127269745,0.4367401897907257,1.1110297441482544,0.2852516174316406
claude-haiku-4-5|careless|run2,claude-haiku-4-5,careless,run2,0.5142857142857142,0.7397504448890686,0.5309219360351562,1.6982625722885132,0.5701519846916199,-0.6644201278686523,0.4528469443321228,1.252037525177002,0.29898586869239807
claude-haiku-4-5|careless|run3,claude-haiku-4-5,careless,run3,0.5428571428571428,0.6435743570327759,0.5256065130233765,1.2247982025146484,0.5169612169265747,-0.3839033246040344,0.4341152608394623,0.8328951597213745,0.2586093246936798
claude-haiku-4-5|careless|run4,claude-haiku-4-5,careless,run4,0.5714285714285714,0.5280736684799194,0.5151613354682922,1.0504133701324463,0.4947032630443573,-0.7261543869972229,0.43151015043258667,1.05599844455719,0.2799503207206726
claude-haiku-4-5|careless|run5,claude-haiku-4-5,careless,run5,0.6,0.5576331615447998,0.5026060342788696,0.809708833694458,0.4896394908428192,0.022768253460526466,0.40957313776016235,0.564052164554596,0.22806932032108307
claude-haiku-4-5|cautious_scientist|run1,claude-haiku-4-5,cautious_scientist,run1,0.7714285714285715,0.1907753050327301,0.5354179739952087,-0.4506315588951111,0.5038232803344727,-0.9801144599914551,0.4205620288848877,0.03853593394160271,0.22213388979434967
claude-haiku-4-5|cautious_scientist|run2,claude-haiku-4-5,cautious_scientist,run2,0.7428571428571429,0.29864370822906494,0.5277499556541443,-0.7170699238777161,0.5024567246437073,-1.0737601518630981,0.41863545775413513,0.45002084970474243,0.2364623248577118
claude-haiku-4-5|cautious_scientist|run3,claude-haiku-4-5,cautious_scientist,run3,0.7428571428571429,1.0287576913833618,0.5733216404914856,-1.1897109746932983,0.556804895401001,-1.698209524154663,0.4696175158023834,0.473066121339798,0.2695083022117615
claude-haiku-4-5|cautious_scientist|run4,claude-haiku-4-5,cautious_scientist,run4,0.7142857142857143,-0.6762005686759949,0.4994484782218933,-0.7094646096229553,0.4941178262233734,-1.4660592079162598,0.43481874465942383,0.39442944526672363,0.22717168927192688
claude-haiku-4-5|cautious_scientist|run5,claude-haiku-4-5,cautious_scientist,run5,0.6285714285714286,0.5992252230644226,0.5116592645645142,-1.0233136415481567,0.5058411359786987,-0.8497359752655029,0.41009849309921265,0.9798004627227783,0.2724367678165436
claude-haiku-4-5|contrarian|run1,claude-haiku-4-5,contrarian,run1,0.7142857142857143,-0.5107551217079163,0.47398653626441956,-1.3656071424484253,0.506496787071228,-0.4696066081523895,0.399575412273407,0.41032347083091736,0.22372551262378693
claude-haiku-4-5|contrarian|run2,claude-haiku-4-5,contrarian,run2,0.6571428571428571,-0.21234199404716492,0.47392019629478455,-0.006665368098765612,0.45221561193466187,-0.8211248517036438,0.3901231288909912,0.6171594858169556,0.23337872326374054
claude-haiku-4-5|contrarian|run3,claude-haiku-4-5,contrarian,run3,0.6571428571428571,0.6477217078208923,0.49237820506095886,-0.9907987117767334,0.4842076301574707,-0.14590401947498322,0.39052221179008484,0.5825863480567932,0.23483993113040924
claude-haiku-4-5|contrarian|run4,claude-haiku-4-5,contrarian,run4,0.7714285714285715,0.04465131461620331,0.48552390933036804,-0.7817174792289734,0.4709310233592987,-0.49539148807525635,0.4005674123764038,0.38385796546936035,0.21969179809093475
claude-haiku-4-5|contrarian|run5,claude-haiku-4-5,contrarian,run5,0.6571428571428571,0.11660398542881012,0.5265624523162842,0.5281650424003601,0.4586374759674072,-1.4089356660842896,0.43438756465911865,0.5466148257255554,0.2415274977684021
claude-haiku-4-5|cot|run1,claude-haiku-4-5,cot,run1,0.7428571428571429,0.7477667927742004,0.5343528985977173,0.3777664601802826,0.45746320486068726,-0.9040759801864624,0.4188658595085144,0.3439536988735199,0.22676947712898254
claude-haiku-4-5|cot|run2,claude-haiku-4-5,cot,run2,0.7142857142857143,1.1637070178985596,0.5352281332015991,0.5090000033378601,0.48809894919395447,8.22410365799442e-05,0.42419397830963135,0.19949336349964142,0.22166870534420013
claude-haiku-4-5|cot|run3,claude-haiku-4-5,cot,run3,0.7142857142857143,0.5570447444915771,0.5025058388710022,1.1934419870376587,0.5201413631439209,-0.07513130456209183,0.4302296042442322,0.2480442374944687,0.2244483381509781
claude-haiku-4-5|cot|run4,claude-haiku-4-5,cot,run4,0.6857142857142857,-0.17568328976631165,0.4448799788951874,0.2505438029766083,0.43459856510162354,0.373845636844635,0.35836926102638245,0.3397890627384186,0.20024995505809784
claude-haiku-4-5|cot|run5,claude-haiku-4-5,cot,run5,0.6285714285714286,0.8158010244369507,0.5304778814315796,0.8119806051254272,0.49117815494537354,-0.3704485595226288,0.43314412236213684,0.7053500413894653,0.24913831055164337
claude-haiku-4-5|elementary_student|run1,claude-haiku-4-5,elementary_student,run1,0.45714285714285713,-0.4044835865497589,0.4710182845592499,0.6006370782852173,0.5169704556465149,0.7255715727806091,0.41085588932037354,1.3424445390701294,0.27565255761146545
claude-haiku-4-5|elementary_student|run2,claude-haiku-4-5,elementary_student,run2,0.45714285714285713,-0.2653467059135437,0.4810044467449188,0.2931973338127136,0.527509868144989,1.8532825708389282,0.4539520740509033,1.0551327466964722,0.2348763793706894
claude-haiku-4-5|elementary_student|run3,claude-haiku-4-5,elementary_student,run3,0.37142857142857144,0.11700720340013504,0.5171984434127808,0.7076552510261536,0.5653885006904602,1.3867179155349731,0.4701007306575775,1.6971538066864014,0.31543976068496704
claude-haiku-4-5|elementary_student|run4,claude-haiku-4-5,elementary_student,run4,0.42857142857142855,0.8840887546539307,0.48931190371513367,0.8682345747947693,0.5374235510826111,0.8890498280525208,0.41252920031547546,1.4477702379226685,0.28796476125717163
claude-haiku-4-5|elementary_student|run5,claude-haiku-4-5,elementary_student,run5,0.42857142857142855,-0.7846897840499878,0.5019369721412659,0.816013753414154,0.5484218597412109,0.9563298225402832,0.44829389452934265,1.3355176448822021,0.27160409092903137
claude-haiku-4-5|overconfident_expert|run1,claude-haiku-4-5,overconfident_expert,run1,0.6285714285714286,0.571141242980957,0.47005224227905273,-0.4383622407913208,0.43959465622901917,0.4340212345123291,0.38487252593040466,0.8354774713516235,0.2331308275461197
claude-haiku-4-5|overconfident_expert|run2,claude-haiku-4-5,overconfident_expert,run2,0.5714285714285714,-0.024081293493509293,0.460419237613678,-0.6912733912467957,0.4762157201766968,-0.4364321231842041,0.3935074508190155,1.3779332637786865,0.28333887457847595
claude-haiku-4-5|overconfident_expert|run3,claude-haiku-4-5,overconfident_expert,run3,0.5714285714285714,-0.43621665239334106,0.4298473298549652,-0.6980109810829163,0.45802927017211914,0.20385630428791046,0.36263611912727356,0.8191865682601929,0.2319883406162262
claude-haiku-4-5|overconfident_expert|run4,claude-haiku-4-5,overconfident_expert,run4,0.6,0.6863758563995361,0.49225059151649475,0.3110179007053375,0.460964173078537,-0.0049163298681378365,0.4044550359249115,0.6780413389205933,0.23323604464530945
claude-haiku-4-5|overconfident_expert|run5,claude-haiku-4-5,overconfident_expert,run5,0.6571428571428571,-0.1932036131620407,0.4491855800151825,-0.06771120429039001,0.43287190794944763,-0.025039229542016983,0.3658144474029541,0.6388994455337524,0.21359868347644806
claude-opus-4-6|baseline|run1,claude-opus-4-6,baseline,run1,0.8857142857142857,-0.92000412940979,0.5811858773231506,0.4397420883178711,0.5093976259231567,-0.5717134475708008,0.45618730783462524,-0.7951452732086182,0.372751384973526
claude-opus-4-6|baseline|run2,claude-opus-4-6,baseline,run2,0.9142857142857143,-0.4362853169441223,0.5845951437950134,-0.26602640748023987,0.5240871906280518,-0.07239491492509842,0.457213431596756,-0.9879661798477173,0.4149002730846405
claude-opus-4-6|baseline|run3,claude-opus-4-6,baseline,run3,0.8857142857142857,-0.5796054601669312,0.5942903757095337,-0.5244112610816956,0.5500380396842957,-0.3752775490283966,0.4552629292011261,-0.9316281676292419,0.39747875928878784
claude-opus-4-6|baseline|run4,claude-opus-4-6,baseline,run4,0.8857142857142857,-0.6974290609359741,0.6027357578277588,0.43565988540649414,0.5104798078536987,-1.0232939720153809,0.45768269896507263,-0.7334015965461731,0.354568749666214
claude-opus-4-6|baseline|run5,claude-opus-4-6,baseline,run5,0.8571428571428571,-0.09392745792865753,0.5994858145713806,0.07106897234916687,0.5303491353988647,-0.4451175928115845,0.44901198148727417,-0.8787165284156799,0.3789447247982025
claude-opus-4-6|careful|run1,claude-opus-4-6,careful,run1,0.8857142857142857,-0.9603551030158997,0.5326609015464783,-0.0225662961602211,0.48561909794807434,-0.2184235006570816,0.4239444434642792,-0.5459530353546143,0.3197525441646576
claude-opus-4-6|careful|run2,claude-opus-4-6,careful,run2,0.8571428571428571,-0.29598259925842285,0.5658698081970215,-0.06012195348739624,0.49771401286125183,-0.2757456600666046,0.43160945177078247,-0.6381791234016418,0.3247487246990204
claude-opus-4-6|careful|run3,claude-opus-4-6,careful,run3,0.8571428571428571,-0.46643567085266113,0.590310275554657,0.3740512430667877,0.5609788298606873,0.4266301989555359,0.46355390548706055,-1.5710926055908203,0.49753037095069885
claude-opus-4-6|careful|run4,claude-opus-4-6,careful,run4,0.9142857142857143,-0.314640611410141,0.6062073111534119,-0.30924561619758606,0.553480327129364,-0.2479066401720047,0.4587126672267914,-1.1043940782546997,0.437404066324234
claude-opus-4-6|careful|run5,claude-opus-4-6,careful,run5,0.9428571428571428,-0.2434694468975067,0.6220651865005493,-0.1958899199962616,0.5340410470962524,-0.4770415425300598,0.44915667176246643,-0.8837565779685974,0.37861934304237366
claude-opus-4-6|careless|run1,claude-opus-4-6,careless,run1,0.8571428571428571,-0.3009518086910248,0.5898196697235107,0.689436674118042,0.5651576519012451,0.020927652716636658,0.4557914733886719,-1.0886293649673462,0.4273460805416107
claude-opus-4-6|careless|run2,claude-opus-4-6,careless,run2,0.8857142857142857,-0.37350520491600037,0.6225001811981201,0.505159318447113,0.553722620010376,-0.10720820724964142,0.46218088269233704,-1.262966513633728,0.47166845202445984
claude-opus-4-6|careless|run3,claude-opus-4-6,careless,run3,0.8571428571428571,-0.2969820201396942,0.588412344455719,0.6919141411781311,0.5593138933181763,0.023436525836586952,0.45022422075271606,-1.0896939039230347,0.4281081557273865
claude-opus-4-6|careless|run4,claude-opus-4-6,careless,run4,0.8857142857142857,-0.38065487146377563,0.605213463306427,0.5102428197860718,0.5532545447349548,-0.10507386177778244,0.45326727628707886,-1.2750991582870483,0.46927380561828613
claude-opus-4-6|careless|run5,claude-opus-4-6,careless,run5,0.8857142857142857,-0.3746865391731262,0.6167854070663452,0.5142355561256409,0.5575486421585083,-0.11058979481458664,0.4637342095375061,-1.2636383771896362,0.4691755175590515
claude-opus-4-6|cautious_scientist|run1,claude-opus-4-6,cautious_scientist,run1,0.9428571428571428,-0.08289065212011337,0.6756254434585571,-0.6872730851173401,0.6290925145149231,-1.3838250637054443,0.5084783434867859,-1.187854528427124,0.41971978545188904
claude-opus-4-6|cautious_scientist|run2,claude-opus-4-6,cautious_scientist,run2,0.9142857142857143,-0.312509685754776,0.663492739200592,-0.7750089764595032,0.6130886673927307,-0.9599803686141968,0.48214608430862427,-1.2461057901382446,0.44913849234580994
claude-opus-4-6|cautious_scientist|run3,claude-opus-4-6,cautious_scientist,run3,0.9428571428571428,-0.0555744543671608,0.6709036827087402,-0.6735952496528625,0.6263745427131653,-1.3820619583129883,0.5031259059906006,-1.1902765035629272,0.42463576793670654
claude-opus-4-6|cautious_scientist|run4,claude-opus-4-6,cautious_scientist,run4,0.9714285714285714,0.17565259337425232,0.6962730288505554,-0.35508057475090027,0.6130298376083374,-1.2711102962493896,0.49769312143325806,-1.35884690284729,0.4548380970954895
claude-opus-4-6|cautious_scientist|run5,claude-opus-4-6,cautious_scientist,run5,0.9714285714285714,0.18700088560581207,0.6882838606834412,-0.3731613755226135,0.6115919351577759,-1.2747266292572021,0.49740931391716003,-1.3761253356933594,0.4642484784126282
claude-opus-4-6|contrarian|run1,claude-opus-4-6,contrarian,run1,0.9428571428571428,0.5017879605293274,0.648830235004425,-0.5431621074676514,0.6009865403175354,-1.4472708702087402,0.4855489730834961,-0.819284975528717,0.3345164954662323
claude-opus-4-6|contrarian|run2,claude-opus-4-6,contrarian,run2,0.9428571428571428,-0.19741706550121307,0.6766404509544373,-0.6620239019393921,0.6369361877441406,-1.3925457000732422,0.5096579194068909,-1.149823784828186,0.4142359793186188
claude-opus-4-6|contrarian|run3,claude-opus-4-6,contrarian,run3,0.9428571428571428,0.5407270789146423,0.6656836867332458,-0.029093299061059952,0.5767406225204468,-1.472561001777649,0.4773733913898468,-0.9739103317260742,0.36886411905288696
claude-opus-4-6|contrarian|run4,claude-opus-4-6,contrarian,run4,0.9714285714285714,0.18097226321697235,0.6890053749084473,-0.3792227804660797,0.6079055666923523,-1.261941909790039,0.5051708221435547,-1.36234712600708,0.46132373809814453
claude-opus-4-6|contrarian|run5,claude-opus-4-6,contrarian,run5,0.9142857142857143,0.14344368875026703,0.6570887565612793,-0.2919410169124603,0.5844737887382507,-1.5741931200027466,0.4916384518146515,-0.8067704439163208,0.33690306544303894
claude-opus-4-6|cot|run1,claude-opus-4-6,cot,run1,0.9142857142857143,-0.6003955602645874,0.6002938151359558,0.3272566795349121,0.5468000769615173,-0.06654186546802521,0.46597567200660706,-1.3651129007339478,0.5006880164146423
claude-opus-4-6|cot|run2,claude-opus-4-6,cot,run2,0.8571428571428571,-0.2155715376138687,0.5866671800613403,-0.3658219277858734,0.5272796154022217,-0.13719724118709564,0.427865207195282,-0.8565371632575989,0.37153106927871704
claude-opus-4-6|cot|run3,claude-opus-4-6,cot,run3,0.9142857142857143,-0.6063656806945801,0.628250241279602,0.3210533559322357,0.546759307384491,-0.061610400676727295,0.46951520442962646,-1.3641390800476074,0.4868573546409607
claude-opus-4-6|cot|run4,claude-opus-4-6,cot,run4,0.9428571428571428,-0.5206095576286316,0.6101734638214111,-0.4740341901779175,0.5533155798912048,-0.22984102368354797,0.46440014243125916,-1.226141095161438,0.44912999868392944
claude-opus-4-6|cot|run5,claude-opus-4-6,cot,run5,0.9142857142857143,-0.9299936890602112,0.5963171720504761,0.2921154797077179,0.5096670985221863,-1.0219402313232422,0.4652317464351654,-0.7890273332595825,0.36780694127082825
claude-opus-4-6|elementary_student|run1,claude-opus-4-6,elementary_student,run1,0.7714285714285715,-1.2841796875,0.4725840985774994,0.4636399447917938,0.5014888644218445,0.6309798359870911,0.383956640958786,-0.5036457180976868,0.3112640976905823
claude-opus-4-6|elementary_student|run2,claude-opus-4-6,elementary_student,run2,0.6857142857142857,-0.7176531553268433,0.4934544861316681,0.9318781495094299,0.5610105395317078,1.5438480377197266,0.4314931631088257,-0.2513684034347534,0.2758159041404724
claude-opus-4-6|elementary_student|run3,claude-opus-4-6,elementary_student,run3,0.7428571428571429,-0.775864839553833,0.4708731472492218,0.6314617395401001,0.5176583528518677,1.0605722665786743,0.3958721458911896,-0.37776511907577515,0.2927088439464569
claude-opus-4-6|elementary_student|run4,claude-opus-4-6,elementary_student,run4,0.6571428571428571,-1.2841176986694336,0.5011336207389832,1.0063691139221191,0.5552168488502502,1.4570103883743286,0.43554559350013733,-0.1298752874135971,0.2662327289581299
claude-opus-4-6|elementary_student|run5,claude-opus-4-6,elementary_student,run5,0.7714285714285715,-0.6435567736625671,0.5033733248710632,1.378970980644226,0.5725789666175842,0.8653727173805237,0.4112928509712219,-0.42819055914878845,0.2993064522743225
claude-opus-4-6|overconfident_expert|run1,claude-opus-4-6,overconfident_expert,run1,0.8571428571428571,0.04690597206354141,0.6367059350013733,0.2528919279575348,0.5804716944694519,0.3560416102409363,0.4758360981941223,-1.7827688455581665,0.5483381748199463
claude-opus-4-6|overconfident_expert|run2,claude-opus-4-6,overconfident_expert,run2,0.8,-0.23067894577980042,0.5833329558372498,1.1987981796264648,0.5274352431297302,-0.7864044904708862,0.4429892599582672,-0.52101069688797,0.29495176672935486
claude-opus-4-6|overconfident_expert|run3,claude-opus-4-6,overconfident_expert,run3,0.8571428571428571,-0.5203624963760376,0.5320805311203003,0.572475790977478,0.4950343370437622,-0.290031373500824,0.421509325504303,-0.46382230520248413,0.3000704050064087
claude-opus-4-6|overconfident_expert|run4,claude-opus-4-6,overconfident_expert,run4,0.8571428571428571,-0.609872579574585,0.6243777871131897,0.8739789128303528,0.5496048331260681,-0.503819465637207,0.47200924158096313,-1.1486170291900635,0.43883317708969116
claude-opus-4-6|overconfident_expert|run5,claude-opus-4-6,overconfident_expert,run5,0.8,-0.5048522353172302,0.5830106139183044,0.8065410852432251,0.5153952836990356,-0.8285998106002808,0.44411322474479675,-0.6081908345222473,0.32779592275619507
claude-sonnet-4-5|baseline|run1,claude-sonnet-4-5,baseline,run1,0.8,0.42167338728904724,0.5930702090263367,0.10517045855522156,0.539337694644928,0.70235276222229,0.45814135670661926,-1.1411564350128174,0.4363943040370941
claude-sonnet-4-5|baseline|run2,claude-sonnet-4-5,baseline,run2,0.8571428571428571,0.7028448581695557,0.6282668709754944,-0.49076494574546814,0.5522499680519104,0.6673431396484375,0.47054263949394226,-1.2413969039916992,0.4479871094226837
claude-sonnet-4-5|baseline|run3,claude-sonnet-4-5,baseline,run3,0.8285714285714286,0.6084034442901611,0.6268987655639648,0.3708360493183136,0.5808044672012329,0.8541185259819031,0.4949301481246948,-1.4189668893814087,0.48694169521331787
claude-sonnet-4-5|baseline|run4,claude-sonnet-4-5,baseline,run4,0.8285714285714286,0.6081439256668091,0.6387439966201782,0.36180371046066284,0.5961914658546448,0.8579714298248291,0.49724066257476807,-1.4267778396606445,0.4864123463630676
claude-sonnet-4-5|baseline|run5,claude-sonnet-4-5,baseline,run5,0.8285714285714286,0.9327218532562256,0.6071305274963379,-0.38725778460502625,0.5329010486602783,0.7116341590881348,0.4629472494125366,-1.0695303678512573,0.40194475650787354
claude-sonnet-4-5|careful|run1,claude-sonnet-4-5,careful,run1,0.8,0.8700698018074036,0.6234515905380249,0.4405413866043091,0.5835161805152893,0.9030577540397644,0.4979478418827057,-1.2243214845657349,0.4490250051021576
claude-sonnet-4-5|careful|run2,claude-sonnet-4-5,careful,run2,0.8285714285714286,-0.43145081400871277,0.6044325828552246,0.08936213701963425,0.5521915555000305,0.5028560161590576,0.4632287323474884,-1.6262502670288086,0.5208116173744202
claude-sonnet-4-5|careful|run3,claude-sonnet-4-5,careful,run3,0.8285714285714286,0.6319212317466736,0.6333608627319336,0.37417545914649963,0.5824534296989441,0.8578282594680786,0.5025206208229065,-1.4209847450256348,0.48976075649261475
claude-sonnet-4-5|careful|run4,claude-sonnet-4-5,careful,run4,0.8285714285714286,0.6150134205818176,0.6340450644493103,0.36735060811042786,0.5899182558059692,0.8541130423545837,0.4886792302131653,-1.421881079673767,0.4897071421146393
claude-sonnet-4-5|careful|run5,claude-sonnet-4-5,careful,run5,0.8285714285714286,0.6070220470428467,0.6286934614181519,0.36272624135017395,0.5914682745933533,0.856423020362854,0.4858537018299103,-1.4149999618530273,0.4810243844985962
claude-sonnet-4-5|careless|run1,claude-sonnet-4-5,careless,run1,0.7714285714285715,0.003373572137206793,0.4696289300918579,-1.304763913154602,0.48951664566993713,0.7307741641998291,0.377562940120697,-0.09102461487054825,0.22990061342716217
claude-sonnet-4-5|careless|run2,claude-sonnet-4-5,careless,run2,0.7714285714285715,0.5827379822731018,0.513222336769104,-1.8095407485961914,0.5334334969520569,1.2050096988677979,0.43116047978401184,-0.33867108821868896,0.2720983326435089
claude-sonnet-4-5|careless|run3,claude-sonnet-4-5,careless,run3,0.8,0.4884485602378845,0.508538544178009,-1.0642130374908447,0.5022248029708862,0.9763786196708679,0.4162093698978424,-0.368460088968277,0.26983779668807983
claude-sonnet-4-5|careless|run4,claude-sonnet-4-5,careless,run4,0.7714285714285715,0.08111907541751862,0.4857456684112549,-1.7425200939178467,0.5147355198860168,0.6310942769050598,0.40228915214538574,-0.33536607027053833,0.25262054800987244
claude-sonnet-4-5|careless|run5,claude-sonnet-4-5,careless,run5,0.7714285714285715,0.5149291157722473,0.5054100155830383,-1.5289359092712402,0.5183190703392029,1.1659671068191528,0.42778798937797546,-0.2389078289270401,0.258022665977478
claude-sonnet-4-5|cautious_scientist|run1,claude-sonnet-4-5,cautious_scientist,run1,1.0,-0.12099036574363708,0.6960533261299133,-0.5857815146446228,0.6387234330177307,-1.2689392566680908,0.5104873180389404,-1.4529591798782349,0.49096575379371643
claude-sonnet-4-5|cautious_scientist|run2,claude-sonnet-4-5,cautious_scientist,run2,0.9428571428571428,-0.09511294215917587,0.6457962393760681,-0.23854181170463562,0.553977906703949,-0.6342419385910034,0.46313002705574036,-1.0036879777908325,0.4113282859325409
claude-sonnet-4-5|cautious_scientist|run3,claude-sonnet-4-5,cautious_scientist,run3,0.8857142857142857,0.19721201062202454,0.5579094290733337,-0.15840722620487213,0.5040881037712097,-0.6231801509857178,0.41661953926086426,-0.39281362295150757,0.2650945782661438
claude-sonnet-4-5|cautious_scientist|run4,claude-sonnet-4-5,cautious_scientist,run4,0.9428571428571428,0.1871558427810669,0.6549050211906433,-0.7433209419250488,0.5924497842788696,-0.19231721758842468,0.47000792622566223,-1.4844622611999512,0.5013816952705383
claude-sonnet-4-5|cautious_scientist|run5,claude-sonnet-4-5,cautious_scientist,run5,0.9142857142857143,0.5029057264328003,0.60328608751297,-0.2807075083255768,0.5461188554763794,-1.1408201456069946,0.4459648132324219,-0.5807842016220093,0.2916227877140045
claude-sonnet-4-5|contrarian|run1,claude-sonnet-4-5,contrarian,run1,0.8857142857142857,1.328970193862915,0.6055907607078552,-0.7442925572395325,0.5967587232589722,-0.949288010597229,0.4558282196521759,-0.9527395963668823,0.3363382816314697
claude-sonnet-4-5|contrarian|run2,claude-sonnet-4-5,contrarian,run2,0.9714285714285714,0.26901113986968994,0.6457801461219788,-0.7855610847473145,0.6169624328613281,-1.43472421169281,0.49063074588775635,-0.8547115921974182,0.3430440127849579
claude-sonnet-4-5|contrarian|run3,claude-sonnet-4-5,contrarian,run3,0.8857142857142857,1.3464926481246948,0.6057573556900024,-0.7456156611442566,0.6048556566238403,-0.9424777030944824,0.44085729122161865,-0.9567993879318237,0.33174508810043335
claude-sonnet-4-5|contrarian|run4,claude-sonnet-4-5,contrarian,run4,0.9428571428571428,-0.00510089797899127,0.5884014964103699,-0.5444670915603638,0.5511609315872192,-0.8307169079780579,0.44148576259613037,-0.584748387336731,0.30756664276123047
claude-sonnet-4-5|contrarian|run5,claude-sonnet-4-5,contrarian,run5,0.8857142857142857,0.7574560046195984,0.5905132293701172,-0.6661703586578369,0.5682942271232605,-0.48118290305137634,0.4293668568134308,-0.8042306900024414,0.3278932273387909
claude-sonnet-4-5|cot|run1,claude-sonnet-4-5,cot,run1,0.8,0.8662117719650269,0.6305158734321594,0.4525899887084961,0.5919435024261475,0.9147847890853882,0.49612289667129517,-1.2183239459991455,0.44774800539016724
claude-sonnet-4-5|cot|run2,claude-sonnet-4-5,cot,run2,0.8571428571428571,0.6976978778839111,0.6182872653007507,-0.49748921394348145,0.535331666469574,0.6643734574317932,0.4638412296772003,-1.2411993741989136,0.4389655888080597
claude-sonnet-4-5|cot|run3,claude-sonnet-4-5,cot,run3,0.8285714285714286,0.616849422454834,0.6491900682449341,0.3626304268836975,0.6014912724494934,0.8669143915176392,0.4849196672439575,-1.4405173063278198,0.48921850323677063
claude-sonnet-4-5|cot|run4,claude-sonnet-4-5,cot,run4,0.8571428571428571,0.908046305179596,0.6385944485664368,0.4433213174343109,0.5759643316268921,0.3513314425945282,0.4759274125099182,-1.2518393993377686,0.44571056962013245
claude-sonnet-4-5|cot|run5,claude-sonnet-4-5,cot,run5,0.8571428571428571,0.048797041177749634,0.6437674760818481,0.26292160153388977,0.5792655944824219,0.3455994129180908,0.4797492027282715,-1.7868155241012573,0.5452503561973572
claude-sonnet-4-5|elementary_student|run1,claude-sonnet-4-5,elementary_student,run1,0.7714285714285715,-1.7899588346481323,0.4530523419380188,-1.091787338256836,0.49794867634773254,0.1991371214389801,0.4185737073421478,-0.20565766096115112,0.2571296989917755
claude-sonnet-4-5|elementary_student|run2,claude-sonnet-4-5,elementary_student,run2,0.7428571428571429,-1.0611082315444946,0.45833343267440796,0.3485831618309021,0.46654757857322693,0.4433843493461609,0.3754833936691284,-0.11807678639888763,0.23997551202774048
claude-sonnet-4-5|elementary_student|run3,claude-sonnet-4-5,elementary_student,run3,0.7428571428571429,-0.4240069091320038,0.45177775621414185,-0.567434549331665,0.46401864290237427,1.3698701858520508,0.3906998634338379,-0.20979264378547668,0.2533522844314575
claude-sonnet-4-5|elementary_student|run4,claude-sonnet-4-5,elementary_student,run4,0.7428571428571429,-0.7202585339546204,0.4478066563606262,0.1747339963912964,0.47770020365715027,0.9472978115081787,0.3807189464569092,-0.18429434299468994,0.24625740945339203
claude-sonnet-4-5|elementary_student|run5,claude-sonnet-4-5,elementary_student,run5,0.6857142857142857,-0.24411390721797943,0.45806801319122314,0.37748414278030396,0.5022053122520447,1.2311497926712036,0.39134085178375244,-0.027577275410294533,0.23171791434288025
claude-sonnet-4-5|overconfident_expert|run1,claude-sonnet-4-5,overconfident_expert,run1,0.7714285714285715,1.386667013168335,0.5965555310249329,-0.1845254749059677,0.5342793464660645,1.0572600364685059,0.47604885697364807,-0.7826758623123169,0.3290901184082031
claude-sonnet-4-5|overconfident_expert|run2,claude-sonnet-4-5,overconfident_expert,run2,0.7714285714285715,0.9274497628211975,0.5639728903770447,0.36886143684387207,0.5427402257919312,0.6938026547431946,0.446531742811203,-0.6463528275489807,0.31671473383903503
claude-sonnet-4-5|overconfident_expert|run3,claude-sonnet-4-5,overconfident_expert,run3,0.8,0.32956668734550476,0.5311232805252075,0.8680026531219482,0.5498983263969421,0.4963705837726593,0.426119863986969,-0.489626944065094,0.2967167794704437
claude-sonnet-4-5|overconfident_expert|run4,claude-sonnet-4-5,overconfident_expert,run4,0.8,1.149627923965454,0.6133665442466736,0.7817627787590027,0.5843128561973572,0.5974013805389404,0.4836384654045105,-0.9611560106277466,0.38768714666366577
claude-sonnet-4-5|overconfident_expert|run5,claude-sonnet-4-5,overconfident_expert,run5,0.7428571428571429,1.807263731956482,0.5934114456176758,0.6614733934402466,0.5768786668777466,0.7805930376052856,0.4983248710632324,-0.6550872921943665,0.30662471055984497
